id,부위,x_mm,y_mm,z_mm,nx,ny,nz,판정,담당로봇,못쏘는이유
S00,sill,100.0,-110.0,420.0,0.0,-1.0,0.0,OK,R2,
S01,sill,150.0,-110.0,420.0,0.0,-1.0,0.0,OK,R2,
S02,sill,200.0,-110.0,420.0,0.0,-1.0,0.0,OK,R2,
S03,sill,250.0,-110.0,420.0,0.0,-1.0,0.0,OK,R2,
S04,sill,300.0,-110.0,420.0,0.0,-1.0,0.0,OK,R2,
S05,sill,350.0,-110.0,420.0,0.0,-1.0,0.0,OK,R2,
S06,sill,400.0,-110.0,420.0,0.0,-1.0,0.0,OK,R2,
S07,sill,450.0,-110.0,420.0,0.0,-1.0,0.0,OK,R2,
S08,sill,500.0,-110.0,420.0,0.0,-1.0,0.0,OK,R2,
S09,sill,550.0,-110.0,420.0,0.0,-1.0,0.0,OK,R2,
S10,sill,600.0,-110.0,420.0,0.0,-1.0,0.0,OK,R2,
S11,sill,650.0,-110.0,420.0,0.0,-1.0,0.0,OK,R2,
S12,sill,700.0,-110.0,420.0,0.0,-1.0,0.0,OK,R2,
S13,sill,750.0,-110.0,420.0,0.0,-1.0,0.0,OK,R2,
S14,sill,800.0,-110.0,420.0,0.0,-1.0,0.0,OK,R2,
S15,sill,850.0,-110.0,420.0,0.0,-1.0,0.0,OK,R2,
S16,sill,900.0,-110.0,420.0,0.0,-1.0,0.0,OK,R2,
S17,sill,950.0,-110.0,420.0,0.0,-1.0,0.0,OK,R2,
S18,sill,1000.0,-110.0,420.0,0.0,-1.0,0.0,OK,R2,
S19,sill,1050.0,-110.0,420.0,0.0,-1.0,0.0,OK,R2,
S20,sill,1100.0,-110.0,420.0,0.0,-1.0,0.0,OK,R2,
S21,sill,1150.0,-110.0,420.0,0.0,-1.0,0.0,OK,R2,
S22,sill,1200.0,-110.0,420.0,0.0,-1.0,0.0,OK,R2,
S23,sill,1250.0,-110.0,420.0,0.0,-1.0,0.0,OK,R2,
S24,sill,1300.0,-110.0,420.0,0.0,-1.0,0.0,OK,R2,
S25,sill,1350.0,-110.0,420.0,0.0,-1.0,0.0,OK,R2,
S26,sill,1400.0,-110.0,420.0,0.0,-1.0,0.0,OK,R2,
S27,sill,1450.0,-110.0,420.0,0.0,-1.0,0.0,OK,R2,
S28,sill,1500.0,-110.0,420.0,0.0,-1.0,0.0,OK,R2,
S29,sill,1550.0,-110.0,420.0,0.0,-1.0,0.0,OK,R2,
S30,sill,1600.0,-110.0,420.0,0.0,-1.0,0.0,OK,R2,
S31,sill,1650.0,-110.0,420.0,0.0,-1.0,0.0,OK,R2,
S32,sill,1700.0,-110.0,420.0,0.0,-1.0,0.0,OK,R2,
S33,sill,1750.0,-110.0,420.0,0.0,-1.0,0.0,OK,R2,
S34,sill,1800.0,-110.0,420.0,0.0,-1.0,0.0,OK,R2,
S35,sill,1850.0,-110.0,420.0,0.0,-1.0,0.0,OK,R2,
S36,sill,1900.0,-110.0,420.0,0.0,-1.0,0.0,OK,R1,
S37,sill,1950.0,-110.0,420.0,0.0,-1.0,0.0,OK,R1,
S38,sill,2000.0,-110.0,420.0,0.0,-1.0,0.0,OK,R1,
S39,sill,2050.0,-110.0,420.0,0.0,-1.0,0.0,OK,R1,
S40,sill,2100.0,-110.0,420.0,0.0,-1.0,0.0,OK,R1,
S41,sill,2150.0,-110.0,420.0,0.0,-1.0,0.0,OK,R1,
S42,sill,2200.0,-110.0,420.0,0.0,-1.0,0.0,OK,R1,
S43,sill,2250.0,-110.0,420.0,0.0,-1.0,0.0,OK,R1,
S44,sill,2300.0,-110.0,420.0,0.0,-1.0,0.0,OK,R1,
B00,b_pillar,1200.0,-90.0,600.0,0.0,-1.0,0.0,OK,R1,
B01,b_pillar,1200.0,-90.0,650.0,0.0,-1.0,0.0,OK,R1,
B02,b_pillar,1200.0,-90.0,700.0,0.0,-1.0,0.0,OK,R1,
B03,b_pillar,1200.0,-90.0,750.0,0.0,-1.0,0.0,OK,R1,
B04,b_pillar,1200.0,-90.0,800.0,0.0,-1.0,0.0,OK,R1,
B05,b_pillar,1200.0,-90.0,850.0,0.0,-1.0,0.0,OK,R1,
B06,b_pillar,1200.0,-90.0,900.0,0.0,-1.0,0.0,OK,R1,
B07,b_pillar,1200.0,-90.0,950.0,0.0,-1.0,0.0,OK,R1,
B08,b_pillar,1200.0,-90.0,1000.0,0.0,-1.0,0.0,OK,R1,
B09,b_pillar,1200.0,-90.0,1050.0,0.0,-1.0,0.0,OK,R1,
B10,b_pillar,1200.0,-90.0,1100.0,0.0,-1.0,0.0,OK,R1,
B11,b_pillar,1200.0,-90.0,1150.0,0.0,-1.0,0.0,OK,R1,
B12,b_pillar,1200.0,-90.0,1200.0,0.0,-1.0,0.0,OK,R1,
B13,b_pillar,1200.0,-90.0,1250.0,0.0,-1.0,0.0,OK,R1,
B14,b_pillar,1200.0,-90.0,1300.0,0.0,-1.0,0.0,OK,R1,
B15,b_pillar,1200.0,-90.0,1350.0,0.0,-1.0,0.0,OK,R1,
B16,b_pillar,1200.0,-90.0,1400.0,0.0,-1.0,0.0,OK,R1,
M00,member,1200.0,150.0,300.0,0.0,0.0,1.0,NG,,건 간섭
M01,member,1200.0,200.0,300.0,0.0,0.0,1.0,OK,R1,
M02,member,1200.0,250.0,300.0,0.0,0.0,1.0,OK,R1,
M03,member,1200.0,300.0,300.0,0.0,0.0,1.0,OK,R1,
M04,member,1200.0,350.0,300.0,0.0,0.0,1.0,OK,R1,
M05,member,1200.0,400.0,300.0,0.0,0.0,1.0,OK,R1,
M06,member,1200.0,450.0,300.0,0.0,0.0,1.0,OK,R1,
M07,member,1200.0,500.0,300.0,0.0,0.0,1.0,OK,R1,
M08,member,1200.0,550.0,300.0,0.0,0.0,1.0,OK,R1,
M09,member,1200.0,600.0,300.0,0.0,0.0,1.0,OK,R1,
M10,member,1200.0,650.0,300.0,0.0,0.0,1.0,OK,R1,
M11,member,1200.0,700.0,300.0,0.0,0.0,1.0,OK,R2,
M12,member,1200.0,750.0,300.0,0.0,0.0,1.0,OK,R2,
