design,spot,group,reachable_from,fail_reasons,robot,tilt_deg
A_기준,S00,sill,4,,3,30
A_기준,S01,sill,4,,3,20
A_기준,S02,sill,4,,3,20
A_기준,S03,sill,4,,3,10
A_기준,S04,sill,4,,3,10
A_기준,S05,sill,4,,3,0
A_기준,S06,sill,4,,3,0
A_기준,S07,sill,4,,3,10
A_기준,S08,sill,4,,3,0
A_기준,S09,sill,4,,3,0
A_기준,S10,sill,4,,3,0
A_기준,S11,sill,4,,3,0
A_기준,S12,sill,4,,3,0
A_기준,S13,sill,4,,3,0
A_기준,S14,sill,4,,3,0
A_기준,S15,sill,4,,3,0
A_기준,S16,sill,4,,1,0
A_기준,S17,sill,4,,3,0
A_기준,S18,sill,4,,1,0
A_기준,S19,sill,4,,1,0
A_기준,S20,sill,4,,1,0
A_기준,S21,sill,4,,3,0
A_기준,S22,sill,4,,3,0
A_기준,S23,sill,4,,3,0
A_기준,S24,sill,4,,3,0
A_기준,S25,sill,4,,3,0
A_기준,S26,sill,4,,3,0
A_기준,S27,sill,4,,1,0
A_기준,S28,sill,4,,3,0
A_기준,S29,sill,4,,1,0
A_기준,S30,sill,4,,3,0
A_기준,S31,sill,4,,3,0
A_기준,S32,sill,4,,1,0
A_기준,S33,sill,4,,1,0
A_기준,S34,sill,4,,3,0
A_기준,S35,sill,4,,1,0
A_기준,S36,sill,4,,1,0
A_기준,S37,sill,4,,3,0
A_기준,S38,sill,4,,3,0
A_기준,S39,sill,4,,1,0
A_기준,S40,sill,4,,3,0
A_기준,S41,sill,4,,3,0
A_기준,S42,sill,4,,1,0
A_기준,S43,sill,4,,1,0
A_기준,S44,sill,4,,1,0
A_기준,B00,b_pillar,4,,1,0
A_기준,B01,b_pillar,4,,3,0
A_기준,B02,b_pillar,4,,3,0
A_기준,B03,b_pillar,4,,3,0
A_기준,B04,b_pillar,4,,1,0
A_기준,B05,b_pillar,4,,1,0
A_기준,B06,b_pillar,4,,1,0
A_기준,B07,b_pillar,4,,3,0
A_기준,B08,b_pillar,4,,1,0
A_기준,B09,b_pillar,4,,1,0
A_기준,B10,b_pillar,4,,3,0
A_기준,B11,b_pillar,4,,1,0
A_기준,B12,b_pillar,4,,1,0
A_기준,B13,b_pillar,4,,3,0
A_기준,B14,b_pillar,4,,1,0
A_기준,B15,b_pillar,4,,1,0
A_기준,B16,b_pillar,4,,1,0
A_기준,M00,member,0,gun_collision,,
A_기준,M01,member,3,arm_collision,1,20
A_기준,M02,member,2,arm_collision,1,20
A_기준,M03,member,2,"arm_collision,gun_collision",1,20
A_기준,M04,member,2,"arm_collision,gun_collision",1,20
A_기준,M05,member,2,"arm_collision,gun_collision",1,20
A_기준,M06,member,2,"arm_collision,gun_collision",1,20
A_기준,M07,member,2,"arm_collision,gun_collision",1,20
A_기준,M08,member,2,"arm_collision,gun_collision",1,20
A_기준,M09,member,2,"arm_collision,gun_collision",1,20
A_기준,M10,member,2,"arm_collision,gun_collision",1,20
A_기준,M11,member,2,"arm_collision,gun_collision",1,20
A_기준,M12,member,1,"arm_collision,gun_collision",1,20
B_플랜지확대,S00,sill,4,,1,0
B_플랜지확대,S01,sill,4,,1,0
B_플랜지확대,S02,sill,4,,1,0
B_플랜지확대,S03,sill,4,,1,0
B_플랜지확대,S04,sill,4,,1,0
B_플랜지확대,S05,sill,4,,1,0
B_플랜지확대,S06,sill,4,,1,0
B_플랜지확대,S07,sill,4,,1,0
B_플랜지확대,S08,sill,4,,1,0
B_플랜지확대,S09,sill,4,,1,0
B_플랜지확대,S10,sill,4,,1,0
B_플랜지확대,S11,sill,4,,1,0
B_플랜지확대,S12,sill,4,,1,0
B_플랜지확대,S13,sill,4,,1,0
B_플랜지확대,S14,sill,4,,1,0
B_플랜지확대,S15,sill,4,,1,0
B_플랜지확대,S16,sill,4,,1,0
B_플랜지확대,S17,sill,4,,1,0
B_플랜지확대,S18,sill,4,,1,0
B_플랜지확대,S19,sill,4,,1,0
B_플랜지확대,S20,sill,4,,1,0
B_플랜지확대,S21,sill,4,,1,0
B_플랜지확대,S22,sill,4,,1,0
B_플랜지확대,S23,sill,4,,1,0
B_플랜지확대,S24,sill,4,,1,0
B_플랜지확대,S25,sill,4,,1,0
B_플랜지확대,S26,sill,4,,1,0
B_플랜지확대,S27,sill,4,,1,0
B_플랜지확대,S28,sill,4,,1,0
B_플랜지확대,S29,sill,4,,1,0
B_플랜지확대,S30,sill,4,,1,0
B_플랜지확대,S31,sill,4,,1,0
B_플랜지확대,S32,sill,4,,1,0
B_플랜지확대,S33,sill,4,,1,0
B_플랜지확대,S34,sill,4,,1,0
B_플랜지확대,S35,sill,4,,1,0
B_플랜지확대,S36,sill,4,,0,0
B_플랜지확대,S37,sill,4,,0,10
B_플랜지확대,S38,sill,4,,0,0
B_플랜지확대,S39,sill,4,,0,0
B_플랜지확대,S40,sill,4,,0,10
B_플랜지확대,S41,sill,4,,0,10
B_플랜지확대,S42,sill,4,,0,20
B_플랜지확대,S43,sill,4,,0,20
B_플랜지확대,S44,sill,4,,0,30
B_플랜지확대,B00,b_pillar,4,,0,0
B_플랜지확대,B01,b_pillar,4,,0,0
B_플랜지확대,B02,b_pillar,4,,0,0
B_플랜지확대,B03,b_pillar,4,,0,0
B_플랜지확대,B04,b_pillar,4,,0,0
B_플랜지확대,B05,b_pillar,4,,0,0
B_플랜지확대,B06,b_pillar,4,,0,0
B_플랜지확대,B07,b_pillar,4,,0,0
B_플랜지확대,B08,b_pillar,4,,0,0
B_플랜지확대,B09,b_pillar,4,,0,0
B_플랜지확대,B10,b_pillar,4,,0,0
B_플랜지확대,B11,b_pillar,4,,0,0
B_플랜지확대,B12,b_pillar,4,,0,0
B_플랜지확대,B13,b_pillar,4,,0,0
B_플랜지확대,B14,b_pillar,4,,0,0
B_플랜지확대,B15,b_pillar,4,,0,0
B_플랜지확대,B16,b_pillar,4,,0,0
B_플랜지확대,M00,member,0,gun_collision,,
B_플랜지확대,M01,member,3,arm_collision,0,10
B_플랜지확대,M02,member,2,arm_collision,0,10
B_플랜지확대,M03,member,2,arm_collision,0,10
B_플랜지확대,M04,member,3,arm_collision,0,0
B_플랜지확대,M05,member,3,arm_collision,0,0
B_플랜지확대,M06,member,3,arm_collision,0,0
B_플랜지확대,M07,member,2,"arm_collision,joint_limit",0,10
B_플랜지확대,M08,member,2,"arm_collision,unreachable",0,10
B_플랜지확대,M09,member,2,"arm_collision,unreachable",0,20
B_플랜지확대,M10,member,2,"arm_collision,unreachable",0,20
B_플랜지확대,M11,member,2,"arm_collision,unreachable",1,20
B_플랜지확대,M12,member,1,"arm_collision,unreachable",1,20
C_플랜지확대+첫타점이동,S00,sill,4,,1,0
C_플랜지확대+첫타점이동,S01,sill,4,,1,0
C_플랜지확대+첫타점이동,S02,sill,4,,1,0
C_플랜지확대+첫타점이동,S03,sill,4,,1,0
C_플랜지확대+첫타점이동,S04,sill,4,,1,0
C_플랜지확대+첫타점이동,S05,sill,4,,1,0
C_플랜지확대+첫타점이동,S06,sill,4,,1,0
C_플랜지확대+첫타점이동,S07,sill,4,,1,0
C_플랜지확대+첫타점이동,S08,sill,4,,1,0
C_플랜지확대+첫타점이동,S09,sill,4,,1,0
C_플랜지확대+첫타점이동,S10,sill,4,,1,0
C_플랜지확대+첫타점이동,S11,sill,4,,1,0
C_플랜지확대+첫타점이동,S12,sill,4,,1,0
C_플랜지확대+첫타점이동,S13,sill,4,,1,0
C_플랜지확대+첫타점이동,S14,sill,4,,1,0
C_플랜지확대+첫타점이동,S15,sill,4,,1,0
C_플랜지확대+첫타점이동,S16,sill,4,,1,0
C_플랜지확대+첫타점이동,S17,sill,4,,1,0
C_플랜지확대+첫타점이동,S18,sill,4,,1,0
C_플랜지확대+첫타점이동,S19,sill,4,,1,0
C_플랜지확대+첫타점이동,S20,sill,4,,1,0
C_플랜지확대+첫타점이동,S21,sill,4,,1,0
C_플랜지확대+첫타점이동,S22,sill,4,,1,0
C_플랜지확대+첫타점이동,S23,sill,4,,1,0
C_플랜지확대+첫타점이동,S24,sill,4,,1,0
C_플랜지확대+첫타점이동,S25,sill,4,,1,0
C_플랜지확대+첫타점이동,S26,sill,4,,1,0
C_플랜지확대+첫타점이동,S27,sill,4,,1,0
C_플랜지확대+첫타점이동,S28,sill,4,,1,0
C_플랜지확대+첫타점이동,S29,sill,4,,1,0
C_플랜지확대+첫타점이동,S30,sill,4,,1,0
C_플랜지확대+첫타점이동,S31,sill,4,,1,0
C_플랜지확대+첫타점이동,S32,sill,4,,1,0
C_플랜지확대+첫타점이동,S33,sill,4,,1,0
C_플랜지확대+첫타점이동,S34,sill,4,,1,0
C_플랜지확대+첫타점이동,S35,sill,4,,0,0
C_플랜지확대+첫타점이동,S36,sill,4,,0,0
C_플랜지확대+첫타점이동,S37,sill,4,,0,10
C_플랜지확대+첫타점이동,S38,sill,4,,0,0
C_플랜지확대+첫타점이동,S39,sill,4,,0,0
C_플랜지확대+첫타점이동,S40,sill,4,,0,10
C_플랜지확대+첫타점이동,S41,sill,4,,0,10
C_플랜지확대+첫타점이동,S42,sill,4,,0,20
C_플랜지확대+첫타점이동,S43,sill,4,,0,20
C_플랜지확대+첫타점이동,S44,sill,4,,0,30
C_플랜지확대+첫타점이동,B00,b_pillar,4,,0,0
C_플랜지확대+첫타점이동,B01,b_pillar,4,,0,0
C_플랜지확대+첫타점이동,B02,b_pillar,4,,0,0
C_플랜지확대+첫타점이동,B03,b_pillar,4,,0,0
C_플랜지확대+첫타점이동,B04,b_pillar,4,,0,0
C_플랜지확대+첫타점이동,B05,b_pillar,4,,0,0
C_플랜지확대+첫타점이동,B06,b_pillar,4,,0,0
C_플랜지확대+첫타점이동,B07,b_pillar,4,,0,0
C_플랜지확대+첫타점이동,B08,b_pillar,4,,0,0
C_플랜지확대+첫타점이동,B09,b_pillar,4,,0,0
C_플랜지확대+첫타점이동,B10,b_pillar,4,,0,0
C_플랜지확대+첫타점이동,B11,b_pillar,4,,0,0
C_플랜지확대+첫타점이동,B12,b_pillar,4,,0,0
C_플랜지확대+첫타점이동,B13,b_pillar,4,,0,0
C_플랜지확대+첫타점이동,B14,b_pillar,4,,0,0
C_플랜지확대+첫타점이동,B15,b_pillar,4,,0,0
C_플랜지확대+첫타점이동,B16,b_pillar,4,,0,0
C_플랜지확대+첫타점이동,M00,member,3,arm_collision,0,10
C_플랜지확대+첫타점이동,M01,member,2,arm_collision,0,10
C_플랜지확대+첫타점이동,M02,member,2,arm_collision,0,10
C_플랜지확대+첫타점이동,M03,member,3,arm_collision,0,0
C_플랜지확대+첫타점이동,M04,member,3,arm_collision,0,0
C_플랜지확대+첫타점이동,M05,member,3,arm_collision,0,0
C_플랜지확대+첫타점이동,M06,member,2,"arm_collision,joint_limit",0,10
C_플랜지확대+첫타점이동,M07,member,2,"arm_collision,unreachable",0,10
C_플랜지확대+첫타점이동,M08,member,2,"arm_collision,unreachable",0,20
C_플랜지확대+첫타점이동,M09,member,2,"arm_collision,unreachable",0,20
C_플랜지확대+첫타점이동,M10,member,2,"arm_collision,unreachable",1,20
C_플랜지확대+첫타점이동,M11,member,1,"arm_collision,unreachable",1,20
C_플랜지확대+첫타점이동,M12,member,1,"arm_collision,unreachable",1,20
